date,Open,High,Low,Close,Adj Close,Volume,Symbol_x,Period_x,Symbol_y,Period_y
2023-01-03,130.27999877929688,130.89999389648438,124.16999816894531,125.06999969482422,124.37480163574219,112117500,AAPL,Q1/2004,,
2023-01-04,126.88999938964844,128.66000366210938,125.08000183105469,126.36000061035156,125.65763854980469,89113600,AAPL,Q1/2004,,
2023-01-05,127.12999725341797,127.7699966430664,124.76000213623047,125.0199966430664,124.32508087158203,80962700,AAPL,Q1/2004,,
2023-01-06,126.01000213623047,130.2899932861328,124.88999938964844,129.6199951171875,128.89952087402344,87754700,AAPL,Q1/2004,,
2023-01-09,130.47000122070312,133.41000366210938,129.88999938964844,130.14999389648438,129.4265594482422,70790800,AAPL,Q1/2004,,
2023-01-10,130.25999450683594,131.25999450683594,128.1199951171875,130.72999572753906,130.0033416748047,63896200,AAPL,Q1/2004,,
2023-01-11,131.25,133.50999450683594,130.4600067138672,133.49000549316406,132.74801635742188,69458900,AAPL,Q1/2004,,
2023-01-12,133.8800048828125,134.25999450683594,131.44000244140625,133.41000366210938,132.66844177246094,71379600,AAPL,Q1/2004,,
2023-01-13,132.02999877929688,134.9199981689453,131.66000366210938,134.75999450683594,134.01092529296875,57809700,AAPL,Q1/2004,,
2023-01-17,134.8300018310547,137.2899932861328,134.1300048828125,135.94000244140625,135.18438720703125,63646600,AAPL,Q1/2004,,
2023-01-18,136.82000732421875,138.61000061035156,135.02999877929688,135.2100067138672,134.4584503173828,69672800,AAPL,Q1/2004,,
2023-01-19,134.0800018310547,136.25,133.77000427246094,135.27000427246094,134.5181121826172,58280400,AAPL,Q1/2004,,
2023-01-20,135.27999877929688,138.02000427246094,134.22000122070312,137.8699951171875,137.1036376953125,80223600,AAPL,Q1/2004,,
2023-01-23,138.1199951171875,143.32000732421875,137.89999389648438,141.11000061035156,140.32565307617188,81760300,AAPL,Q1/2004,,
2023-01-24,140.30999755859375,143.16000366210938,140.3000030517578,142.52999877929688,141.73776245117188,66435100,AAPL,Q1/2004,,
2023-01-25,140.88999938964844,142.42999267578125,138.80999755859375,141.86000061035156,141.0714874267578,65799300,AAPL,Q1/2004,,
2023-01-26,143.1699981689453,144.25,141.89999389648438,143.9600067138672,143.15982055664062,54105100,AAPL,Q1/2004,,
2023-01-27,143.16000366210938,147.22999572753906,143.0800018310547,145.92999267578125,145.1188507080078,70555800,AAPL,Q1/2004,,
2023-01-30,144.9600067138672,145.5500030517578,142.85000610351562,143.0,142.20513916015625,64015300,AAPL,Q1/2004,,
2023-01-31,142.6999969482422,144.33999633789062,142.27999877929688,144.2899932861328,143.4879608154297,65874500,AAPL,Q1/2004,,
2023-02-01,143.97000122070312,146.61000061035156,141.32000732421875,145.42999267578125,144.6216278076172,77663600,AAPL,Q1/2004,,
2023-02-02,148.89999389648438,151.17999267578125,148.1699981689453,150.82000732421875,149.981689453125,118339000,AAPL,Q1/2004,,
2023-02-03,148.02999877929688,157.3800048828125,147.8300018310547,154.5,153.64122009277344,154357300,AAPL,Q1/2004,,
2023-02-06,152.57000732421875,153.10000610351562,150.77999877929688,151.72999572753906,150.88661193847656,69858300,AAPL,Q1/2004,,
2023-02-07,150.63999938964844,155.22999572753906,150.63999938964844,154.64999389648438,153.79039001464844,83322600,AAPL,Q1/2004,,
2023-02-08,153.8800048828125,154.5800018310547,151.1699981689453,151.9199981689453,151.0755615234375,64120100,AAPL,Q1/2004,,
2023-02-09,153.77999877929688,154.3300018310547,150.4199981689453,150.8699951171875,150.03140258789062,56007100,AAPL,Q1/2004,,
2023-02-10,149.4600067138672,151.33999633789062,149.22000122070312,151.00999450683594,150.39988708496094,57450700,AAPL,Q1/2004,,
2023-02-13,150.9499969482422,154.25999450683594,150.9199981689453,153.85000610351562,153.2284393310547,62199000,AAPL,Q1/2004,,
2023-02-14,152.1199951171875,153.77000427246094,150.86000061035156,153.1999969482422,152.5810546875,61707600,AAPL,Q1/2004,,
2023-02-15,153.11000061035156,155.5,152.8800048828125,155.3300018310547,154.70245361328125,65573800,AAPL,Q1/2004,,
2023-02-16,153.50999450683594,156.3300018310547,153.35000610351562,153.7100067138672,153.0889892578125,68167900,AAPL,Q1/2004,,
2023-02-17,152.35000610351562,153.0,150.85000610351562,152.5500030517578,151.93368530273438,59144100,AAPL,Q1/2004,,
2023-02-21,150.1999969482422,151.3000030517578,148.41000366210938,148.47999572753906,147.880126953125,58867200,AAPL,Q1/2004,,
2023-02-22,148.8699951171875,149.9499969482422,147.16000366210938,148.91000366210938,148.30838012695312,51011300,AAPL,Q1/2004,,
2023-02-23,150.08999633789062,150.33999633789062,147.24000549316406,149.39999389648438,148.79640197753906,48394200,AAPL,Q1/2004,,
2023-02-24,147.11000061035156,147.19000244140625,145.72000122070312,146.7100067138672,146.11727905273438,55469600,AAPL,Q1/2004,,
2023-02-27,147.7100067138672,149.1699981689453,147.4499969482422,147.9199981689453,147.3223876953125,44998500,AAPL,Q1/2004,,
2023-02-28,147.0500030517578,149.0800018310547,146.8300018310547,147.41000366210938,146.814453125,50547000,AAPL,Q1/2004,,
2023-03-01,146.8300018310547,147.22999572753906,145.00999450683594,145.30999755859375,144.7229461669922,55479000,AAPL,Q1/2004,,
2023-03-02,144.3800048828125,146.7100067138672,143.89999389648438,145.91000366210938,145.32052612304688,52238100,AAPL,Q1/2004,,
2023-03-03,148.0399932861328,151.11000061035156,147.3300018310547,151.02999877929688,150.41983032226562,70732300,AAPL,Q1/2004,,
2023-03-06,153.7899932861328,156.3000030517578,153.4600067138672,153.8300018310547,153.20852661132812,87558000,AAPL,Q1/2004,,
2023-03-07,153.6999969482422,154.02999877929688,151.1300048828125,151.60000610351562,150.98753356933594,56182000,AAPL,Q1/2004,,
2023-03-08,152.80999755859375,153.47000122070312,151.8300018310547,152.8699951171875,152.2523956298828,47204800,AAPL,Q1/2004,,
2023-03-09,153.55999755859375,154.5399932861328,150.22999572753906,150.58999633789062,149.98159790039062,53833600,AAPL,Q1/2004,,
2023-03-10,150.2100067138672,150.94000244140625,147.61000061035156,148.5,147.90003967285156,68572400,AAPL,Q1/2004,,
2023-03-13,147.80999755859375,153.13999938964844,147.6999969482422,150.47000122070312,149.86209106445312,84457100,AAPL,Q1/2004,,
2023-03-14,151.27999877929688,153.39999389648438,150.10000610351562,152.58999633789062,151.97352600097656,73695900,AAPL,Q1/2004,,
2023-03-15,151.19000244140625,153.25,149.9199981689453,152.99000549316406,152.3719024658203,77167900,AAPL,Q1/2004,,
2023-03-16,152.16000366210938,156.4600067138672,151.63999938964844,155.85000610351562,155.22035217285156,76161100,AAPL,Q1/2004,,
2023-03-17,156.0800018310547,156.74000549316406,154.27999877929688,155.0,154.373779296875,98944600,AAPL,Q1/2004,,
2023-03-20,155.07000732421875,157.82000732421875,154.14999389648438,157.39999389648438,156.7640838623047,73641400,AAPL,Q1/2004,,
2023-03-21,157.32000732421875,159.39999389648438,156.5399932861328,159.27999877929688,158.63648986816406,73938300,AAPL,Q1/2004,,
2023-03-22,159.3000030517578,162.13999938964844,157.80999755859375,157.8300018310547,157.19235229492188,75701800,AAPL,Q1/2004,,
2023-03-23,158.8300018310547,161.5500030517578,157.67999267578125,158.92999267578125,158.28790283203125,67622100,AAPL,Q1/2004,,
2023-03-24,158.86000061035156,160.33999633789062,157.85000610351562,160.25,159.60256958007812,59196500,AAPL,Q1/2004,,
2023-03-27,159.94000244140625,160.77000427246094,157.8699951171875,158.27999877929688,157.64051818847656,52390300,AAPL,Q1/2004,,
2023-03-28,157.97000122070312,158.49000549316406,155.97999572753906,157.64999389648438,157.0130615234375,45992200,AAPL,Q1/2004,,
2023-03-29,159.3699951171875,161.0500030517578,159.35000610351562,160.77000427246094,160.12046813964844,51305700,AAPL,Q1/2004,,
2023-03-30,161.52999877929688,162.47000122070312,161.27000427246094,162.36000061035156,161.70404052734375,49501700,AAPL,Q1/2004,,
2023-03-31,162.44000244140625,165.0,161.91000366210938,164.89999389648438,164.23377990722656,68749800,AAPL,Q1/2004,,
2023-04-03,164.27000427246094,166.2899932861328,164.22000122070312,166.1699981689453,165.4986572265625,56976200,AAPL,Q1/2004,,
2023-04-04,166.60000610351562,166.83999633789062,165.11000061035156,165.6300048828125,164.96084594726562,46278300,AAPL,Q1/2004,,
2023-04-05,164.74000549316406,165.0500030517578,161.8000030517578,163.75999450683594,163.098388671875,51511700,AAPL,Q1/2004,,
2023-04-06,162.42999267578125,164.9600067138672,162.0,164.66000366210938,163.99478149414062,45390100,AAPL,Q1/2004,,
2023-04-10,161.4199981689453,162.02999877929688,160.0800018310547,162.02999877929688,161.37538146972656,47716900,AAPL,Q1/2004,,
2023-04-11,162.35000610351562,162.36000061035156,160.50999450683594,160.8000030517578,160.15036010742188,47644200,AAPL,Q1/2004,,
2023-04-12,161.22000122070312,162.05999755859375,159.77999877929688,160.10000610351562,159.4532012939453,50133100,AAPL,Q1/2004,,
2023-04-13,161.6300048828125,165.8000030517578,161.4199981689453,165.55999755859375,164.89111328125,68445600,AAPL,Q1/2004,,
2023-04-14,164.58999633789062,166.32000732421875,163.82000732421875,165.2100067138672,164.54254150390625,49386500,AAPL,Q1/2004,,
2023-04-17,165.08999633789062,165.38999938964844,164.02999877929688,165.22999572753906,164.5624542236328,41516200,AAPL,Q1/2004,,
2023-04-18,166.10000610351562,167.41000366210938,165.64999389648438,166.47000122070312,165.79745483398438,49923000,AAPL,Q1/2004,,
2023-04-19,165.8000030517578,168.16000366210938,165.5399932861328,167.6300048828125,166.9527587890625,47720200,AAPL,Q1/2004,,
2023-04-20,166.08999633789062,167.8699951171875,165.55999755859375,166.64999389648438,165.9767303466797,52456400,AAPL,Q1/2004,,
2023-04-21,165.0500030517578,166.4499969482422,164.49000549316406,165.02000427246094,164.3533172607422,58337300,AAPL,Q1/2004,,
2023-04-24,165.0,165.60000610351562,163.88999938964844,165.3300018310547,164.66204833984375,41949600,AAPL,Q1/2004,,
2023-04-25,165.19000244140625,166.30999755859375,163.72999572753906,163.77000427246094,163.1083526611328,48714100,AAPL,Q1/2004,,
2023-04-26,163.05999755859375,165.27999877929688,162.8000030517578,163.75999450683594,163.098388671875,45498800,AAPL,Q1/2004,,
2023-04-27,165.19000244140625,168.55999755859375,165.19000244140625,168.41000366210938,167.7296142578125,64902300,AAPL,Q1/2004,,
2023-04-28,168.49000549316406,169.85000610351562,167.8800048828125,169.67999267578125,168.99447631835938,55209200,AAPL,Q1/2004,,
2023-05-01,169.27999877929688,170.4499969482422,168.63999938964844,169.58999633789062,168.90484619140625,52472900,AAPL,Q1/2004,,
2023-05-02,170.08999633789062,170.35000610351562,167.5399932861328,168.5399932861328,167.8590850830078,48425700,AAPL,Q1/2004,,
2023-05-03,169.5,170.9199981689453,167.16000366210938,167.4499969482422,166.7734832763672,65136000,AAPL,Q1/2004,,
2023-05-04,164.88999938964844,167.0399932861328,164.30999755859375,165.7899932861328,165.12017822265625,81235400,AAPL,Q1/2004,,
2023-05-05,170.97999572753906,174.3000030517578,170.75999450683594,173.57000732421875,172.86875915527344,113316400,AAPL,Q1/2004,,
2023-05-08,172.47999572753906,173.85000610351562,172.11000061035156,173.5,172.79904174804688,55962800,AAPL,Q1/2004,,
2023-05-09,173.0500030517578,173.5399932861328,171.60000610351562,171.77000427246094,171.07603454589844,45326900,AAPL,Q1/2004,,
2023-05-10,173.02000427246094,174.02999877929688,171.89999389648438,173.55999755859375,172.85879516601562,53724500,AAPL,Q1/2004,,
2023-05-11,173.85000610351562,174.58999633789062,172.1699981689453,173.75,173.04803466796875,49514700,AAPL,Q1/2004,,
2023-05-12,173.6199951171875,174.05999755859375,171.0,172.57000732421875,172.11053466796875,45497800,AAPL,Q1/2004,,
2023-05-15,173.16000366210938,173.2100067138672,171.47000122070312,172.07000732421875,171.61187744140625,37266700,AAPL,Q1/2004,,
2023-05-16,171.99000549316406,173.13999938964844,171.8000030517578,172.07000732421875,171.61187744140625,42110300,AAPL,Q1/2004,,
2023-05-17,171.7100067138672,172.92999267578125,170.4199981689453,172.69000244140625,172.230224609375,57951600,AAPL,Q1/2004,,
2023-05-18,173.0,175.24000549316406,172.5800018310547,175.0500030517578,174.58392333984375,65496700,AAPL,Q1/2004,,
2023-05-19,176.38999938964844,176.38999938964844,174.94000244140625,175.16000366210938,174.6936492919922,55772400,AAPL,Q1/2004,,
2023-05-22,173.97999572753906,174.7100067138672,173.4499969482422,174.1999969482422,173.73619079589844,43570900,AAPL,Q1/2004,,
2023-05-23,173.1300048828125,173.3800048828125,171.27999877929688,171.55999755859375,171.1032257080078,50747300,AAPL,Q1/2004,,
2023-05-24,171.08999633789062,172.4199981689453,170.52000427246094,171.83999633789062,171.38247680664062,45143500,AAPL,Q1/2004,,
2023-05-25,172.41000366210938,173.89999389648438,171.69000244140625,172.99000549316406,172.5294189453125,56058300,AAPL,Q1/2004,,
2023-05-26,173.32000732421875,175.77000427246094,173.11000061035156,175.42999267578125,174.96292114257812,54835000,AAPL,Q1/2004,,
2023-05-30,176.9600067138672,178.99000549316406,176.57000732421875,177.3000030517578,176.82794189453125,55964400,AAPL,Q1/2004,,
2023-05-31,177.3300018310547,179.35000610351562,176.75999450683594,177.25,176.778076171875,99625300,AAPL,Q1/2004,,
2023-06-01,177.6999969482422,180.1199951171875,176.92999267578125,180.08999633789062,179.61050415039062,68901800,AAPL,Q1/2004,,
2023-06-02,181.02999877929688,181.77999877929688,179.25999450683594,180.9499969482422,180.4682159423828,61945900,AAPL,Q1/2004,,
2023-06-05,182.6300048828125,184.9499969482422,178.0399932861328,179.5800018310547,179.10186767578125,121946500,AAPL,Q1/2004,,
2023-06-06,179.97000122070312,180.1199951171875,177.42999267578125,179.2100067138672,178.7328643798828,64848400,AAPL,Q1/2004,,
2023-06-07,178.44000244140625,181.2100067138672,177.32000732421875,177.82000732421875,177.3465576171875,61944600,AAPL,Q1/2004,,
2023-06-08,177.89999389648438,180.83999633789062,177.4600067138672,180.57000732421875,180.0892333984375,50214900,AAPL,Q1/2004,,
2023-06-09,181.5,182.22999572753906,180.6300048828125,180.9600067138672,180.4781951904297,48870700,AAPL,Q1/2004,,
2023-06-12,181.27000427246094,183.88999938964844,180.97000122070312,183.7899932861328,183.3006591796875,54274900,AAPL,Q1/2004,,
2023-06-13,182.8000030517578,184.14999389648438,182.44000244140625,183.30999755859375,182.82192993164062,54929100,AAPL,Q1/2004,,
2023-06-14,183.3699951171875,184.38999938964844,182.02000427246094,183.9499969482422,183.46023559570312,57462900,AAPL,Q1/2004,,
2023-06-15,183.9600067138672,186.52000427246094,183.77999877929688,186.00999450683594,185.51475524902344,65433200,AAPL,Q1/2004,,
2023-06-16,186.72999572753906,186.99000549316406,184.27000427246094,184.9199981689453,184.42764282226562,101235600,AAPL,Q1/2004,,
2023-06-20,184.41000366210938,186.10000610351562,184.41000366210938,185.00999450683594,184.5174102783203,49799100,AAPL,Q1/2004,,
2023-06-21,184.89999389648438,185.41000366210938,182.58999633789062,183.9600067138672,183.47021484375,49515700,AAPL,Q1/2004,,
2023-06-22,183.74000549316406,187.0500030517578,183.6699981689453,187.0,186.50210571289062,51245300,AAPL,Q1/2004,,
2023-06-23,185.5500030517578,187.55999755859375,185.00999450683594,186.67999267578125,186.18295288085938,53079300,AAPL,Q1/2004,,
2023-06-26,186.8300018310547,188.0500030517578,185.22999572753906,185.27000427246094,184.77671813964844,48088700,AAPL,Q1/2004,,
2023-06-27,185.88999938964844,188.38999938964844,185.6699981689453,188.05999755859375,187.5592803955078,50730800,AAPL,Q1/2004,,
2023-06-28,187.92999267578125,189.89999389648438,187.60000610351562,189.25,188.74612426757812,51216800,AAPL,Q1/2004,,
2023-06-29,189.0800018310547,190.07000732421875,188.94000244140625,189.58999633789062,189.085205078125,46347300,AAPL,Q1/2004,,
2023-06-30,191.6300048828125,194.47999572753906,191.25999450683594,193.97000122070312,193.45355224609375,85069600,AAPL,Q1/2004,,
2023-07-03,193.77999877929688,193.8800048828125,191.75999450683594,192.4600067138672,191.9475860595703,31458200,AAPL,Q1/2004,,
2023-07-05,191.57000732421875,192.97999572753906,190.6199951171875,191.3300018310547,190.82058715820312,46920300,AAPL,Q1/2004,,
2023-07-06,189.83999633789062,192.02000427246094,189.1999969482422,191.80999755859375,191.29930114746094,45094300,AAPL,Q1/2004,,
2023-07-07,191.41000366210938,192.6699981689453,190.24000549316406,190.67999267578125,190.17230224609375,46778000,AAPL,Q1/2004,,
2023-07-10,189.25999450683594,189.99000549316406,187.0399932861328,188.61000061035156,188.1078338623047,59922200,AAPL,Q1/2004,,
2023-07-11,189.16000366210938,189.3000030517578,186.60000610351562,188.0800018310547,187.57923889160156,46638100,AAPL,Q1/2004,,
2023-07-12,189.67999267578125,191.6999969482422,188.47000122070312,189.77000427246094,189.26473999023438,60750200,AAPL,Q1/2004,,
2023-07-13,190.5,191.19000244140625,189.77999877929688,190.5399932861328,190.03268432617188,41342300,AAPL,Q1/2004,,
2023-07-14,190.22999572753906,191.17999267578125,189.6300048828125,190.69000244140625,190.1822967529297,41573900,AAPL,Q1/2004,,
2023-07-17,191.89999389648438,194.32000732421875,191.80999755859375,193.99000549316406,193.47349548339844,50520200,AAPL,Q1/2004,,
2023-07-18,193.35000610351562,194.3300018310547,192.4199981689453,193.72999572753906,193.2141876220703,48353800,AAPL,Q1/2004,,
2023-07-19,193.10000610351562,198.22999572753906,192.64999389648438,195.10000610351562,194.58055114746094,80507300,AAPL,Q1/2004,,
2023-07-20,195.08999633789062,196.47000122070312,192.5,193.1300048828125,192.6157989501953,59581200,AAPL,Q1/2004,,
2023-07-21,194.10000610351562,194.97000122070312,191.22999572753906,191.94000244140625,191.42897033691406,71917800,AAPL,Q1/2004,,
2023-07-24,193.41000366210938,194.91000366210938,192.25,192.75,192.23680114746094,45377800,AAPL,Q1/2004,,
2023-07-25,193.3300018310547,194.44000244140625,192.9199981689453,193.6199951171875,193.10447692871094,37283200,AAPL,Q1/2004,,
2023-07-26,193.6699981689453,195.63999938964844,193.32000732421875,194.5,193.98214721679688,47471900,AAPL,Q1/2004,,
2023-07-27,196.02000427246094,197.1999969482422,192.5500030517578,193.22000122070312,192.70555114746094,47460200,AAPL,Q1/2004,,
2023-07-28,194.6699981689453,196.6300048828125,194.13999938964844,195.8300018310547,195.30860900878906,48291400,AAPL,Q1/2004,,
2023-07-31,196.05999755859375,196.49000549316406,195.25999450683594,196.4499969482422,195.9269561767578,38824100,AAPL,Q1/2004,,
2023-08-01,196.24000549316406,196.72999572753906,195.27999877929688,195.61000061035156,195.0891876220703,35175100,AAPL,Q1/2004,,
2023-08-02,195.0399932861328,195.17999267578125,191.85000610351562,192.5800018310547,192.0672607421875,50389300,AAPL,Q1/2004,,
2023-08-03,191.57000732421875,192.3699951171875,190.69000244140625,191.1699981689453,190.6610107421875,61235200,AAPL,Q1/2004,,
2023-08-04,185.52000427246094,187.3800048828125,181.9199981689453,181.99000549316406,181.50546264648438,115799700,AAPL,Q1/2004,,
2023-08-07,182.1300048828125,183.1300048828125,177.35000610351562,178.85000610351562,178.37380981445312,97576100,AAPL,Q1/2004,,
2023-08-08,179.69000244140625,180.27000427246094,177.5800018310547,179.8000030517578,179.32127380371094,67823000,AAPL,Q1/2004,,
2023-08-09,180.8699951171875,180.92999267578125,177.00999450683594,178.19000244140625,177.715576171875,60378500,AAPL,Q1/2004,,
2023-08-10,179.47999572753906,180.75,177.60000610351562,177.97000122070312,177.49615478515625,54686900,AAPL,Q1/2004,,
2023-08-11,177.32000732421875,178.6199951171875,176.5500030517578,177.7899932861328,177.5560760498047,51988100,AAPL,Q1/2004,,
2023-08-14,177.97000122070312,179.69000244140625,177.30999755859375,179.4600067138672,179.22389221191406,43675600,AAPL,Q1/2004,,
2023-08-15,178.8800048828125,179.47999572753906,177.0500030517578,177.4499969482422,177.21652221679688,43622600,AAPL,Q1/2004,,
2023-08-16,177.1300048828125,178.5399932861328,176.5,176.57000732421875,176.3376922607422,46964900,AAPL,Q1/2004,,
2023-08-17,177.13999938964844,177.50999450683594,173.47999572753906,174.0,173.7710723876953,66062900,AAPL,Q1/2004,,
2023-08-18,172.3000030517578,175.10000610351562,171.9600067138672,174.49000549316406,174.2604217529297,61114200,AAPL,Q1/2004,,
2023-08-21,175.07000732421875,176.1300048828125,173.74000549316406,175.83999633789062,175.608642578125,46311900,AAPL,Q1/2004,,
2023-08-22,177.05999755859375,177.67999267578125,176.25,177.22999572753906,176.99681091308594,42084200,AAPL,Q1/2004,,
2023-08-23,178.52000427246094,181.5500030517578,178.3300018310547,181.1199951171875,180.88169860839844,52722800,AAPL,Q1/2004,,
2023-08-24,180.6699981689453,181.10000610351562,176.00999450683594,176.3800048828125,176.14793395996094,54945800,AAPL,Q1/2004,,
2023-08-25,177.3800048828125,179.14999389648438,175.82000732421875,178.61000061035156,178.375,51449600,AAPL,Q1/2004,,
2023-08-28,180.08999633789062,180.58999633789062,178.5500030517578,180.19000244140625,179.9529266357422,43820700,AAPL,Q1/2004,,
2023-08-29,179.6999969482422,184.89999389648438,179.5,184.1199951171875,183.87774658203125,53003900,AAPL,Q1/2004,,
2023-08-30,184.94000244140625,187.85000610351562,184.74000549316406,187.64999389648438,187.40310668945312,60813900,AAPL,Q1/2004,,
2023-08-31,187.83999633789062,189.1199951171875,187.47999572753906,187.8699951171875,187.62281799316406,60794500,AAPL,Q1/2004,,
2023-09-01,189.49000549316406,189.9199981689453,188.27999877929688,189.4600067138672,189.2107391357422,45732600,AAPL,Q1/2004,,
2023-09-05,188.27999877929688,189.97999572753906,187.61000061035156,189.6999969482422,189.45040893554688,45280000,AAPL,Q1/2004,,
2023-09-06,188.39999389648438,188.85000610351562,181.47000122070312,182.91000366210938,182.66934204101562,81755800,AAPL,Q1/2004,,
2023-09-07,175.17999267578125,178.2100067138672,173.5399932861328,177.55999755859375,177.32638549804688,112488800,AAPL,Q1/2004,,
2023-09-08,178.35000610351562,180.24000549316406,177.7899932861328,178.17999267578125,177.945556640625,65551300,AAPL,Q1/2004,,
2023-09-11,180.07000732421875,180.3000030517578,177.33999633789062,179.36000061035156,179.12400817871094,58953100,AAPL,Q1/2004,,
2023-09-12,179.49000549316406,180.1300048828125,174.82000732421875,176.3000030517578,176.0680389404297,90370200,AAPL,Q1/2004,,
2023-09-13,176.50999450683594,177.3000030517578,173.97999572753906,174.2100067138672,173.9807891845703,84267900,AAPL,Q1/2004,,
2023-09-14,174.0,176.10000610351562,173.5800018310547,175.74000549316406,175.5087890625,60895800,AAPL,Q1/2004,,
2023-09-15,176.47999572753906,176.5,173.82000732421875,175.00999450683594,174.77972412109375,109205100,AAPL,Q1/2004,,
2023-09-18,176.47999572753906,179.3800048828125,176.1699981689453,177.97000122070312,177.73583984375,67257600,AAPL,Q1/2004,,
2023-09-19,177.52000427246094,179.6300048828125,177.1300048828125,179.07000732421875,178.8343963623047,51826900,AAPL,Q1/2004,,
2023-09-20,179.25999450683594,179.6999969482422,175.39999389648438,175.49000549316406,175.2591094970703,58436200,AAPL,Q1/2004,,
2023-09-21,174.5500030517578,176.3000030517578,173.86000061035156,173.92999267578125,173.70115661621094,63047900,AAPL,Q1/2004,,
2023-09-22,174.6699981689453,177.0800018310547,174.0500030517578,174.7899932861328,174.5600128173828,56725400,AAPL,Q1/2004,,
2023-09-25,174.1999969482422,176.97000122070312,174.14999389648438,176.0800018310547,175.84832763671875,46172700,AAPL,Q1/2004,,
2023-09-26,174.82000732421875,175.1999969482422,171.66000366210938,171.9600067138672,171.73374938964844,64588900,AAPL,Q1/2004,,
2023-09-27,172.6199951171875,173.0399932861328,169.0500030517578,170.42999267578125,170.20574951171875,66921800,AAPL,Q1/2004,,
2023-09-28,169.33999633789062,172.02999877929688,167.6199951171875,170.69000244140625,170.46542358398438,56294400,AAPL,Q1/2004,,
2023-09-29,172.02000427246094,173.07000732421875,170.33999633789062,171.2100067138672,170.9847412109375,51814200,AAPL,Q1/2004,,
2023-10-02,171.22000122070312,174.3000030517578,170.92999267578125,173.75,173.52139282226562,52164500,AAPL,Q1/2004,,
2023-10-03,172.25999450683594,173.6300048828125,170.82000732421875,172.39999389648438,172.1731719970703,49594600,AAPL,Q1/2004,,
2023-10-04,171.08999633789062,174.2100067138672,170.97000122070312,173.66000366210938,173.4315185546875,53020300,AAPL,Q1/2004,,
2023-10-05,173.7899932861328,175.4499969482422,172.67999267578125,174.91000366210938,174.67987060546875,48527900,AAPL,Q1/2004,,
2023-10-06,173.8000030517578,177.99000549316406,173.17999267578125,177.49000549316406,177.25648498535156,57224100,AAPL,Q1/2004,,
2023-10-09,176.80999755859375,179.0500030517578,175.8000030517578,178.99000549316406,178.75450134277344,42390800,AAPL,Q1/2004,,
2023-10-10,178.10000610351562,179.72000122070312,177.9499969482422,178.38999938964844,178.15528869628906,43698000,AAPL,Q1/2004,,
2023-10-11,178.1999969482422,179.85000610351562,177.60000610351562,179.8000030517578,179.5634307861328,47551100,AAPL,Q1/2004,,
2023-10-12,180.07000732421875,182.33999633789062,179.0399932861328,180.7100067138672,180.4722442626953,56743100,AAPL,Q1/2004,,
2023-10-13,181.4199981689453,181.92999267578125,178.13999938964844,178.85000610351562,178.61468505859375,51427100,AAPL,Q1/2004,,
2023-10-16,176.75,179.0800018310547,176.50999450683594,178.72000122070312,178.48486328125,52517000,AAPL,Q1/2004,,
2023-10-17,176.64999389648438,178.4199981689453,174.8000030517578,177.14999389648438,176.9169158935547,57549400,AAPL,Q1/2004,,
2023-10-18,175.5800018310547,177.5800018310547,175.11000061035156,175.83999633789062,175.608642578125,54764400,AAPL,Q1/2004,,
2023-10-19,176.0399932861328,177.83999633789062,175.19000244140625,175.4600067138672,175.22915649414062,59302900,AAPL,Q1/2004,,
2023-10-20,175.30999755859375,175.4199981689453,172.63999938964844,172.8800048828125,172.6525421142578,64189300,AAPL,Q1/2004,,
2023-10-23,170.91000366210938,174.00999450683594,169.92999267578125,173.0,172.7723846435547,55980100,AAPL,Q1/2004,,
2023-10-24,173.0500030517578,173.6699981689453,171.4499969482422,173.44000244140625,173.21180725097656,43816600,AAPL,Q1/2004,,
2023-10-25,171.8800048828125,173.05999755859375,170.64999389648438,171.10000610351562,170.87489318847656,57157000,AAPL,Q1/2004,,
2023-10-26,170.3699951171875,171.3800048828125,165.6699981689453,166.88999938964844,166.67042541503906,70625300,AAPL,Q1/2004,,
2023-10-27,166.91000366210938,168.9600067138672,166.8300018310547,168.22000122070312,167.99867248535156,58499100,AAPL,Q1/2004,,
2023-10-30,169.02000427246094,171.1699981689453,168.8699951171875,170.2899932861328,170.06593322753906,51131000,AAPL,Q1/2004,,
2023-10-31,169.35000610351562,170.89999389648438,167.89999389648438,170.77000427246094,170.54531860351562,44846000,AAPL,Q1/2004,,
2023-11-01,171.0,174.22999572753906,170.1199951171875,173.97000122070312,173.74110412597656,56934900,AAPL,Q1/2004,,
2023-11-02,175.52000427246094,177.77999877929688,175.4600067138672,177.57000732421875,177.3363800048828,77334800,AAPL,Q1/2004,,
2023-11-03,174.24000549316406,176.82000732421875,173.35000610351562,176.64999389648438,176.41757202148438,79763700,AAPL,Q1/2004,,
2023-11-06,176.3800048828125,179.42999267578125,176.2100067138672,179.22999572753906,178.9941864013672,63841300,AAPL,Q1/2004,,
2023-11-07,179.17999267578125,182.44000244140625,178.97000122070312,181.82000732421875,181.58078002929688,70530000,AAPL,Q1/2004,,
2023-11-08,182.35000610351562,183.4499969482422,181.58999633789062,182.88999938964844,182.6493682861328,49340300,AAPL,Q1/2004,,
2023-11-09,182.9600067138672,184.1199951171875,181.80999755859375,182.41000366210938,182.1699981689453,53763500,AAPL,Q1/2004,,
2023-11-10,183.97000122070312,186.57000732421875,183.52999877929688,186.39999389648438,186.39999389648438,66133400,AAPL,Q1/2004,,
2023-11-13,185.82000732421875,186.02999877929688,184.2100067138672,184.8000030517578,184.8000030517578,43627500,AAPL,Q1/2004,,
2023-11-14,187.6999969482422,188.11000061035156,186.3000030517578,187.44000244140625,187.44000244140625,60108400,AAPL,Q1/2004,,
2023-11-15,187.85000610351562,189.5,187.77999877929688,188.00999450683594,188.00999450683594,53790500,AAPL,Q1/2004,,
2023-11-16,189.57000732421875,190.9600067138672,188.64999389648438,189.7100067138672,189.7100067138672,54412900,AAPL,Q1/2004,,
2023-11-17,190.25,190.3800048828125,188.57000732421875,189.69000244140625,189.69000244140625,50922700,AAPL,Q1/2004,,
2023-11-20,189.88999938964844,191.91000366210938,189.8800048828125,191.4499969482422,191.4499969482422,46505100,AAPL,Q1/2004,,
2023-11-21,191.41000366210938,191.52000427246094,189.74000549316406,190.63999938964844,190.63999938964844,38134500,AAPL,Q1/2004,,
2023-11-22,191.49000549316406,192.92999267578125,190.8300018310547,191.30999755859375,191.30999755859375,39617700,AAPL,Q1/2004,,
2023-11-24,190.8699951171875,190.89999389648438,189.25,189.97000122070312,189.97000122070312,24048300,AAPL,Q1/2004,,
2023-01-02,2550.0,2579.0,2548.199951171875,2575.89990234375,2566.832763671875,2453414,RELIANCE.NS,Q1/2004,,
2023-01-03,2565.050048828125,2573.0,2547.800048828125,2557.050048828125,2548.04931640625,3534596,RELIANCE.NS,Q1/2004,,
2023-01-04,2557.0,2561.050048828125,2514.0,2518.550048828125,2509.684814453125,4275746,RELIANCE.NS,Q1/2004,,
2023-01-05,2523.5,2536.39990234375,2504.0,2514.050048828125,2505.20068359375,6293519,RELIANCE.NS,Q1/2004,,
2023-01-06,2526.64990234375,2547.949951171875,2518.300048828125,2536.89990234375,2527.969970703125,2930338,RELIANCE.NS,Q1/2004,,
2023-01-09,2545.300048828125,2602.0,2543.35009765625,2596.800048828125,2587.6591796875,4948549,RELIANCE.NS,Q1/2004,,
2023-01-10,2606.0,2606.0,2546.0,2558.39990234375,2549.394287109375,3713755,RELIANCE.NS,Q1/2004,,
2023-01-11,2552.5,2558.0,2521.10009765625,2526.14990234375,2517.2578125,5311657,RELIANCE.NS,Q1/2004,,
2023-01-12,2524.85009765625,2532.5,2465.0,2471.60009765625,2462.900146484375,8163366,RELIANCE.NS,Q1/2004,,
2023-01-13,2458.39990234375,2472.89990234375,2434.60009765625,2467.60009765625,2458.9140625,9515473,RELIANCE.NS,Q1/2004,,
2023-01-16,2472.699951171875,2479.64990234375,2427.0,2444.10009765625,2435.496826171875,6287407,RELIANCE.NS,Q1/2004,,
2023-01-17,2458.0,2483.0,2450.60009765625,2478.800048828125,2470.07470703125,4961585,RELIANCE.NS,Q1/2004,,
2023-01-18,2473.5,2491.10009765625,2460.35009765625,2474.699951171875,2465.989013671875,6206382,RELIANCE.NS,Q1/2004,,
2023-01-19,2472.89990234375,2481.14990234375,2456.64990234375,2472.050048828125,2463.348388671875,5510333,RELIANCE.NS,Q1/2004,,
2023-01-20,2475.0,2475.0,2437.25,2442.64990234375,2434.0517578125,6890325,RELIANCE.NS,Q1/2004,,
2023-01-23,2449.0,2466.199951171875,2425.0,2430.300048828125,2421.745361328125,5055324,RELIANCE.NS,Q1/2004,,
2023-01-24,2440.0,2443.64990234375,2387.35009765625,2415.949951171875,2407.44580078125,7609558,RELIANCE.NS,Q1/2004,,
2023-01-25,2412.449951171875,2414.699951171875,2380.0,2382.550048828125,2374.163330078125,5715684,RELIANCE.NS,Q1/2004,,
2023-01-27,2384.39990234375,2387.35009765625,2311.64990234375,2337.35009765625,2329.12255859375,11920991,RELIANCE.NS,Q1/2004,,
2023-01-30,2331.699951171875,2371.89990234375,2301.0,2359.75,2351.443603515625,10047822,RELIANCE.NS,Q1/2004,,
2023-01-31,2382.0,2387.64990234375,2341.0,2353.85009765625,2345.564453125,10472167,RELIANCE.NS,Q1/2004,,
2023-02-01,2379.949951171875,2379.949951171875,2305.0,2339.89990234375,2331.663330078125,8929007,RELIANCE.NS,Q1/2004,,
2023-02-02,2318.0,2348.0,2311.0,2326.949951171875,2318.759033203125,6305317,RELIANCE.NS,Q1/2004,,
2023-02-03,2349.0,2349.0,2293.0,2329.0,2320.802001953125,11398850,RELIANCE.NS,Q1/2004,,
2023-02-06,2315.0,2321.0,2305.800048828125,2311.449951171875,2303.313720703125,6847679,RELIANCE.NS,Q1/2004,,
2023-02-07,2312.0,2327.39990234375,2293.0,2305.89990234375,2297.783203125,6985001,RELIANCE.NS,Q1/2004,,
2023-02-08,2313.0,2359.89990234375,2307.0,2351.949951171875,2343.671142578125,9765490,RELIANCE.NS,Q1/2004,,
2023-02-09,2353.449951171875,2370.85009765625,2334.0,2356.050048828125,2347.7568359375,6079228,RELIANCE.NS,Q1/2004,,
2023-02-10,2354.89990234375,2354.89990234375,2321.300048828125,2336.64990234375,2328.4248046875,4979789,RELIANCE.NS,Q1/2004,,
2023-02-13,2340.199951171875,2350.0,2313.550048828125,2323.35009765625,2315.171875,4777674,RELIANCE.NS,Q1/2004,,
2023-02-14,2329.949951171875,2381.89990234375,2323.64990234375,2378.10009765625,2369.729248046875,6609564,RELIANCE.NS,Q1/2004,,
2023-02-15,2376.0,2437.199951171875,2373.0,2431.949951171875,2423.389404296875,15461902,RELIANCE.NS,Q1/2004,,
2023-02-16,2449.449951171875,2463.800048828125,2425.050048828125,2430.050048828125,2421.496337890625,7967558,RELIANCE.NS,Q1/2004,,
2023-02-17,2420.0,2447.5,2410.60009765625,2440.199951171875,2431.6103515625,5450092,RELIANCE.NS,Q1/2004,,
2023-02-20,2445.0,2449.75,2410.10009765625,2414.39990234375,2405.901123046875,4078245,RELIANCE.NS,Q1/2004,,
2023-02-21,2424.0,2446.800048828125,2412.35009765625,2434.10009765625,2425.531982421875,6143298,RELIANCE.NS,Q1/2004,,
2023-02-22,2425.949951171875,2430.0,2375.050048828125,2378.89990234375,2370.526123046875,5087729,RELIANCE.NS,Q1/2004,,
2023-02-23,2378.0,2394.75,2361.35009765625,2367.5,2359.166259765625,4546655,RELIANCE.NS,Q1/2004,,
2023-02-24,2372.0,2396.14990234375,2368.0,2383.699951171875,2375.309326171875,4353814,RELIANCE.NS,Q1/2004,,
2023-02-27,2382.0,2389.64990234375,2351.699951171875,2367.85009765625,2359.51513671875,5168667,RELIANCE.NS,Q1/2004,,
2023-02-28,2356.10009765625,2367.0,2313.64990234375,2322.550048828125,2314.374755859375,10150245,RELIANCE.NS,Q1/2004,,
2023-03-01,2344.0,2345.5,2323.25,2343.89990234375,2335.6494140625,5330852,RELIANCE.NS,Q1/2004,,
2023-03-02,2337.0,2351.64990234375,2321.60009765625,2326.050048828125,2317.8623046875,4307425,RELIANCE.NS,Q1/2004,,
2023-03-03,2349.14990234375,2393.449951171875,2341.550048828125,2385.39990234375,2377.003173828125,6758115,RELIANCE.NS,Q1/2004,,
2023-03-06,2400.0,2424.60009765625,2400.0,2408.699951171875,2400.22119140625,4694338,RELIANCE.NS,Q1/2004,,
2023-03-08,2408.699951171875,2419.0,2385.0,2417.35009765625,2408.841064453125,7283694,RELIANCE.NS,Q1/2004,,
2023-03-09,2416.0,2416.89990234375,2355.10009765625,2359.25,2350.9453125,7492509,RELIANCE.NS,Q1/2004,,
2023-03-10,2341.5,2344.0,2315.050048828125,2322.699951171875,2314.52392578125,6153681,RELIANCE.NS,Q1/2004,,
2023-03-13,2329.0,2344.0,2275.0,2284.5,2276.45849609375,5894088,RELIANCE.NS,Q1/2004,,
2023-03-14,2280.0,2304.949951171875,2269.050048828125,2275.949951171875,2267.9384765625,7396699,RELIANCE.NS,Q1/2004,,
2023-03-15,2284.10009765625,2298.300048828125,2227.39990234375,2237.050048828125,2229.175537109375,10027725,RELIANCE.NS,Q1/2004,,
2023-03-16,2243.0,2254.0,2202.199951171875,2225.89990234375,2218.064697265625,8474595,RELIANCE.NS,Q1/2004,,
2023-03-17,2244.75,2251.949951171875,2212.699951171875,2223.10009765625,2215.274658203125,15697554,RELIANCE.NS,Q1/2004,,
2023-03-20,2215.0,2220.0,2180.0,2201.25,2193.50146484375,9010595,RELIANCE.NS,Q1/2004,,
2023-03-21,2218.949951171875,2274.0,2217.0,2269.699951171875,2261.710693359375,9876263,RELIANCE.NS,Q1/2004,,
2023-03-22,2285.0,2291.449951171875,2270.0,2276.60009765625,2268.58642578125,5039622,RELIANCE.NS,Q1/2004,,
2023-03-23,2268.0,2269.89990234375,2243.050048828125,2247.800048828125,2239.8876953125,7499082,RELIANCE.NS,Q1/2004,,
2023-03-24,2245.25,2250.0,2198.0,2203.300048828125,2195.54443359375,5711497,RELIANCE.NS,Q1/2004,,
2023-03-27,2217.5,2254.0,2200.199951171875,2237.550048828125,2229.673828125,6486068,RELIANCE.NS,Q1/2004,,
2023-03-28,2245.0,2256.5,2237.0,2248.0,2240.0869140625,5804018,RELIANCE.NS,Q1/2004,,
2023-03-29,2239.0,2244.800048828125,2211.10009765625,2234.699951171875,2226.833740234375,8678073,RELIANCE.NS,Q1/2004,,
2023-03-31,2255.0,2343.449951171875,2254.699951171875,2331.050048828125,2322.8447265625,13001005,RELIANCE.NS,Q1/2004,,
2023-04-03,2345.0,2349.0,2315.0,2331.449951171875,2323.2431640625,4750238,RELIANCE.NS,Q1/2004,,
2023-04-05,2348.0,2348.0,2308.550048828125,2325.85009765625,2317.6630859375,7505339,RELIANCE.NS,Q1/2004,,
2023-04-06,2318.14990234375,2354.0,2318.14990234375,2341.449951171875,2333.2080078125,8507771,RELIANCE.NS,Q1/2004,,
2023-04-10,2350.0,2350.39990234375,2321.550048828125,2324.85009765625,2316.66650390625,5981688,RELIANCE.NS,Q1/2004,,
2023-04-11,2334.0,2341.0,2324.050048828125,2336.35009765625,2328.126220703125,4865301,RELIANCE.NS,Q1/2004,,
2023-04-12,2336.35009765625,2367.800048828125,2330.050048828125,2346.64990234375,2338.3896484375,8389646,RELIANCE.NS,Q1/2004,,
2023-04-13,2353.0,2365.800048828125,2342.0,2355.5,2347.20849609375,5712541,RELIANCE.NS,Q1/2004,,
2023-04-17,2424.949951171875,2424.949951171875,2349.050048828125,2367.449951171875,2359.116455078125,8274452,RELIANCE.NS,Q1/2004,,
2023-04-18,2377.0,2377.0,2326.0,2340.35009765625,2332.112060546875,4802172,RELIANCE.NS,Q1/2004,,
2023-04-19,2339.050048828125,2357.89990234375,2332.199951171875,2352.0,2343.720947265625,5664207,RELIANCE.NS,Q1/2004,,
2023-04-20,2354.10009765625,2359.0,2332.10009765625,2346.050048828125,2337.7919921875,3233882,RELIANCE.NS,Q1/2004,,
2023-04-21,2350.64990234375,2361.0,2336.39990234375,2349.0,2340.7314453125,3529236,RELIANCE.NS,Q1/2004,,
2023-04-24,2375.0,2380.89990234375,2348.0,2358.0,2349.69970703125,5970048,RELIANCE.NS,Q1/2004,,
2023-04-25,2366.0,2380.60009765625,2350.5,2376.050048828125,2367.686279296875,4262471,RELIANCE.NS,Q1/2004,,
2023-04-26,2379.0,2386.10009765625,2354.050048828125,2362.10009765625,2353.785400390625,3977129,RELIANCE.NS,Q1/2004,,
2023-04-27,2375.0,2384.0,2364.0,2377.050048828125,2368.682861328125,4230627,RELIANCE.NS,Q1/2004,,
2023-04-28,2382.0,2423.89990234375,2381.75,2420.5,2411.979736328125,7183342,RELIANCE.NS,Q1/2004,,
2023-05-02,2436.199951171875,2445.800048828125,2428.10009765625,2441.050048828125,2432.45751953125,5991101,RELIANCE.NS,Q1/2004,,
2023-05-03,2445.0,2445.0,2413.050048828125,2420.10009765625,2411.581298828125,3259053,RELIANCE.NS,Q1/2004,,
2023-05-04,2421.14990234375,2452.85009765625,2414.60009765625,2448.0,2439.383056640625,3985159,RELIANCE.NS,Q1/2004,,
2023-05-05,2441.0,2461.35009765625,2436.0,2441.75,2433.155029296875,4036548,RELIANCE.NS,Q1/2004,,
2023-05-08,2450.0,2483.64990234375,2444.14990234375,2471.89990234375,2463.19873046875,4224469,RELIANCE.NS,Q1/2004,,
2023-05-09,2475.0,2486.800048828125,2463.25,2479.550048828125,2470.822021484375,2983468,RELIANCE.NS,Q1/2004,,
2023-05-10,2490.0,2499.85009765625,2481.199951171875,2496.60009765625,2487.81201171875,5017544,RELIANCE.NS,Q1/2004,,
2023-05-11,2498.949951171875,2509.5,2476.550048828125,2480.300048828125,2471.5693359375,4872451,RELIANCE.NS,Q1/2004,,
2023-05-12,2469.800048828125,2487.39990234375,2456.5,2484.35009765625,2475.605224609375,3209889,RELIANCE.NS,Q1/2004,,
2023-05-15,2489.89990234375,2504.550048828125,2473.14990234375,2489.25,2480.48779296875,3153587,RELIANCE.NS,Q1/2004,,
2023-05-16,2494.0,2499.60009765625,2450.14990234375,2453.800048828125,2445.16259765625,4023000,RELIANCE.NS,Q1/2004,,
2023-05-17,2463.0,2465.0,2429.0,2439.300048828125,2430.713623046875,4060722,RELIANCE.NS,Q1/2004,,
2023-05-18,2449.550048828125,2457.0,2427.14990234375,2434.050048828125,2425.482177734375,4857531,RELIANCE.NS,Q1/2004,,
2023-05-19,2434.050048828125,2445.949951171875,2418.85009765625,2441.949951171875,2433.354248046875,3715280,RELIANCE.NS,Q1/2004,,
2023-05-22,2435.0,2466.0,2432.35009765625,2455.0,2446.3583984375,3431208,RELIANCE.NS,Q1/2004,,
2023-05-23,2460.64990234375,2468.0,2451.449951171875,2454.550048828125,2445.909912109375,2811473,RELIANCE.NS,Q1/2004,,
2023-05-24,2445.89990234375,2464.0,2433.449951171875,2440.25,2431.660400390625,3743804,RELIANCE.NS,Q1/2004,,
2023-05-25,2433.89990234375,2449.0,2416.050048828125,2439.949951171875,2431.361328125,5301647,RELIANCE.NS,Q1/2004,,
2023-05-26,2458.0,2509.0,2450.75,2506.5,2497.677001953125,5827017,RELIANCE.NS,Q1/2004,,
2023-05-29,2521.0,2530.0,2507.199951171875,2520.60009765625,2511.7275390625,4619754,RELIANCE.NS,Q1/2004,,
2023-05-30,2520.60009765625,2537.699951171875,2514.35009765625,2519.949951171875,2511.07958984375,5234564,RELIANCE.NS,Q1/2004,,
2023-05-31,2500.0,2509.85009765625,2461.0,2469.89990234375,2461.205810546875,12510304,RELIANCE.NS,Q1/2004,,
2023-06-01,2480.14990234375,2484.89990234375,2458.0,2463.25,2454.579345703125,6734525,RELIANCE.NS,Q1/2004,,
2023-06-02,2471.0,2482.85009765625,2451.0,2455.199951171875,2446.5576171875,7291995,RELIANCE.NS,Q1/2004,,
2023-06-05,2467.199951171875,2483.75,2458.449951171875,2477.25,2468.530029296875,5034355,RELIANCE.NS,Q1/2004,,
2023-06-06,2483.449951171875,2487.699951171875,2462.0,2479.35009765625,2470.622802734375,3458161,RELIANCE.NS,Q1/2004,,
2023-06-07,2487.0,2500.0,2472.60009765625,2498.14990234375,2489.3564453125,4759238,RELIANCE.NS,Q1/2004,,
2023-06-08,2506.0,2516.85009765625,2491.0,2499.64990234375,2490.85107421875,5570815,RELIANCE.NS,Q1/2004,,
2023-06-09,2507.0,2508.550048828125,2478.0,2481.949951171875,2473.21337890625,2712243,RELIANCE.NS,Q1/2004,,
2023-06-12,2475.5,2489.199951171875,2465.0,2484.14990234375,2475.40576171875,2949893,RELIANCE.NS,Q1/2004,,
2023-06-13,2495.0,2523.449951171875,2486.25,2520.85009765625,2511.9765625,5190958,RELIANCE.NS,Q1/2004,,
2023-06-14,2521.0,2555.0,2517.0,2551.85009765625,2542.86767578125,6127509,RELIANCE.NS,Q1/2004,,
2023-06-15,2551.800048828125,2562.550048828125,2535.5,2552.550048828125,2543.56494140625,5451926,RELIANCE.NS,Q1/2004,,
2023-06-16,2560.199951171875,2582.39990234375,2560.199951171875,2577.39990234375,2568.327392578125,11155180,RELIANCE.NS,Q1/2004,,
2023-06-19,2584.0,2584.0,2542.64990234375,2551.800048828125,2542.817626953125,3137532,RELIANCE.NS,Q1/2004,,
2023-06-20,2547.550048828125,2564.0,2535.0,2557.10009765625,2548.09912109375,3194085,RELIANCE.NS,Q1/2004,,
2023-06-21,2557.0,2569.85009765625,2548.0,2564.300048828125,2555.273681640625,3212779,RELIANCE.NS,Q1/2004,,
2023-06-22,2556.0,2573.300048828125,2532.0,2535.5,2526.574951171875,3516244,RELIANCE.NS,Q1/2004,,
2023-06-23,2528.89990234375,2533.39990234375,2512.0,2514.75,2505.89794921875,3059084,RELIANCE.NS,Q1/2004,,
2023-06-26,2507.0,2515.39990234375,2488.699951171875,2495.550048828125,2486.765625,5833893,RELIANCE.NS,Q1/2004,,
2023-06-27,2496.550048828125,2509.5,2486.64990234375,2496.449951171875,2487.662353515625,4471687,RELIANCE.NS,Q1/2004,,
2023-06-28,2496.449951171875,2496.449951171875,2496.449951171875,2496.449951171875,2487.662353515625,0,RELIANCE.NS,Q1/2004,,
2023-06-30,2546.39990234375,2556.64990234375,2533.449951171875,2550.25,2541.273193359375,5146441,RELIANCE.NS,Q1/2004,,
2023-07-03,2558.050048828125,2622.0,2555.35009765625,2615.699951171875,2606.49267578125,5609248,RELIANCE.NS,Q1/2004,,
2023-07-04,2625.0,2625.0,2573.25,2588.75,2579.637451171875,3720447,RELIANCE.NS,Q1/2004,,
2023-07-05,2609.0,2609.0,2575.800048828125,2584.5,2575.402587890625,4729479,RELIANCE.NS,Q1/2004,,
2023-07-06,2576.050048828125,2644.449951171875,2576.050048828125,2638.75,2629.461669921875,8822948,RELIANCE.NS,Q1/2004,,
2023-07-07,2635.0,2664.949951171875,2628.0,2633.60009765625,2624.329833984375,6172684,RELIANCE.NS,Q1/2004,,
2023-07-10,2688.89990234375,2756.0,2675.0,2735.050048828125,2725.422607421875,15340262,RELIANCE.NS,Q1/2004,,
2023-07-11,2752.89990234375,2770.0,2737.60009765625,2764.699951171875,2754.96826171875,9262001,RELIANCE.NS,Q1/2004,,
2023-07-12,2766.300048828125,2802.0,2761.64990234375,2767.75,2758.007568359375,8645662,RELIANCE.NS,Q1/2004,,
2023-07-13,2783.89990234375,2799.0,2737.25,2743.0,2733.3447265625,6776172,RELIANCE.NS,Q1/2004,,
2023-07-14,2750.0,2760.89990234375,2725.10009765625,2740.699951171875,2731.052734375,6979790,RELIANCE.NS,Q1/2004,,
2023-07-17,2747.0,2815.050048828125,2728.0,2796.699951171875,2786.85546875,10254545,RELIANCE.NS,Q1/2004,,
2023-07-18,2817.0,2837.449951171875,2793.0,2820.449951171875,2810.52197265625,11937761,RELIANCE.NS,Q1/2004,,
2023-07-19,2830.0,2856.0,2797.0,2841.85009765625,2831.8466796875,18054869,RELIANCE.NS,Q1/2004,,
2023-07-20,2580.0,2630.949951171875,2580.0,2619.85009765625,2610.628173828125,19358812,RELIANCE.NS,Q1/2004,,
2023-07-21,2609.0,2614.89990234375,2523.60009765625,2538.75,2529.8134765625,15124619,RELIANCE.NS,Q1/2004,,
2023-07-24,2481.0,2514.949951171875,2469.300048828125,2487.39990234375,2478.644287109375,11863933,RELIANCE.NS,Q1/2004,,
2023-07-25,2494.0,2505.199951171875,2480.0,2485.800048828125,2477.050048828125,6013010,RELIANCE.NS,Q1/2004,,
2023-07-26,2485.0,2547.0,2485.0,2526.199951171875,2517.3076171875,6455506,RELIANCE.NS,Q1/2004,,
2023-07-27,2534.050048828125,2537.64990234375,2490.35009765625,2502.699951171875,2493.890380859375,8613449,RELIANCE.NS,Q1/2004,,
2023-07-28,2512.050048828125,2542.85009765625,2500.550048828125,2527.85009765625,2518.9521484375,10413926,RELIANCE.NS,Q1/2004,,
2023-07-31,2527.85009765625,2553.89990234375,2517.949951171875,2549.25,2540.276611328125,4275587,RELIANCE.NS,Q1/2004,,
2023-08-01,2555.0,2559.0,2505.300048828125,2513.199951171875,2504.353515625,4768316,RELIANCE.NS,Q1/2004,,
2023-08-02,2509.199951171875,2512.0,2463.60009765625,2486.35009765625,2477.59814453125,6374107,RELIANCE.NS,Q1/2004,,
2023-08-03,2475.300048828125,2500.89990234375,2458.050048828125,2475.89990234375,2467.184814453125,5084175,RELIANCE.NS,Q1/2004,,
2023-08-04,2498.800048828125,2516.0,2471.60009765625,2509.550048828125,2500.71630859375,11442805,RELIANCE.NS,Q1/2004,,
2023-08-07,2521.0,2528.39990234375,2505.0,2523.85009765625,2514.966064453125,2991435,RELIANCE.NS,Q1/2004,,
2023-08-08,2528.0,2534.449951171875,2499.550048828125,2508.64990234375,2499.8193359375,4922036,RELIANCE.NS,Q1/2004,,
2023-08-09,2504.85009765625,2529.0,2481.10009765625,2525.199951171875,2516.311279296875,5743293,RELIANCE.NS,Q1/2004,,
2023-08-10,2524.949951171875,2550.0,2508.449951171875,2536.449951171875,2527.521728515625,7735299,RELIANCE.NS,Q1/2004,,
2023-08-11,2532.449951171875,2558.85009765625,2512.35009765625,2547.14990234375,2538.183837890625,11089665,RELIANCE.NS,Q1/2004,,
2023-08-14,2539.0,2582.300048828125,2525.0,2577.25,2568.177978515625,4787906,RELIANCE.NS,Q1/2004,,
2023-08-16,2551.0,2582.800048828125,2551.0,2575.14990234375,2566.08544921875,5101556,RELIANCE.NS,Q1/2004,,
2023-08-17,2567.10009765625,2578.10009765625,2532.85009765625,2538.0,2529.066162109375,6836872,RELIANCE.NS,Q1/2004,,
2023-08-18,2531.25,2577.60009765625,2508.550048828125,2556.800048828125,2547.800048828125,9319989,RELIANCE.NS,Q1/2004,,
2023-08-21,2539.949951171875,2555.449951171875,2515.64990234375,2520.0,2520.0,4610873,RELIANCE.NS,Q1/2004,,
2023-08-22,2516.89990234375,2537.949951171875,2499.0,2519.39990234375,2519.39990234375,3856522,RELIANCE.NS,Q1/2004,,
2023-08-23,2524.199951171875,2542.85009765625,2516.949951171875,2522.199951171875,2522.199951171875,4758976,RELIANCE.NS,Q1/2004,,
2023-08-24,2539.89990234375,2539.89990234375,2471.0,2479.800048828125,2479.800048828125,7070010,RELIANCE.NS,Q1/2004,,
2023-08-25,2456.0,2505.0,2442.60009765625,2468.35009765625,2468.35009765625,11111200,RELIANCE.NS,Q1/2004,,
2023-08-28,2472.0,2484.0,2431.10009765625,2443.75,2443.75,6290413,RELIANCE.NS,Q1/2004,,
2023-08-29,2452.050048828125,2453.449951171875,2408.14990234375,2420.35009765625,2420.35009765625,8438322,RELIANCE.NS,Q1/2004,,
2023-08-30,2432.0,2443.0,2415.0,2418.050048828125,2418.050048828125,6084473,RELIANCE.NS,Q1/2004,,
2023-08-31,2423.0,2425.0,2399.89990234375,2407.0,2407.0,10819300,RELIANCE.NS,Q1/2004,,
2023-09-01,2406.550048828125,2425.64990234375,2401.64990234375,2412.64990234375,2412.64990234375,9056421,RELIANCE.NS,Q1/2004,,
2023-09-04,2412.64990234375,2423.64990234375,2405.300048828125,2410.699951171875,2410.699951171875,4673813,RELIANCE.NS,Q1/2004,,
2023-09-05,2420.0,2433.949951171875,2412.449951171875,2423.60009765625,2423.60009765625,4337938,RELIANCE.NS,Q1/2004,,
2023-09-06,2421.10009765625,2436.14990234375,2417.25,2428.699951171875,2428.699951171875,4100185,RELIANCE.NS,Q1/2004,,
2023-09-07,2421.699951171875,2438.25,2411.0,2432.0,2432.0,6826286,RELIANCE.NS,Q1/2004,,
2023-09-08,2440.0,2456.0,2422.949951171875,2448.199951171875,2448.199951171875,11554644,RELIANCE.NS,Q1/2004,,
2023-09-11,2452.0,2476.85009765625,2452.0,2474.60009765625,2474.60009765625,6635537,RELIANCE.NS,Q1/2004,,
2023-09-12,2483.0,2483.0,2435.949951171875,2438.85009765625,2438.85009765625,8127833,RELIANCE.NS,Q1/2004,,
2023-09-13,2440.0,2462.64990234375,2426.25,2451.050048828125,2451.050048828125,6401669,RELIANCE.NS,Q1/2004,,
2023-09-14,2460.0,2465.800048828125,2445.0,2453.300048828125,2453.300048828125,4604818,RELIANCE.NS,Q1/2004,,
2023-09-15,2468.0,2468.0,2449.5,2457.85009765625,2457.85009765625,12734296,RELIANCE.NS,Q1/2004,,
2023-09-18,2440.050048828125,2451.0,2432.050048828125,2436.449951171875,2436.449951171875,3758150,RELIANCE.NS,Q1/2004,,
2023-09-20,2423.050048828125,2427.60009765625,2355.0,2382.14990234375,2382.14990234375,28540942,RELIANCE.NS,Q1/2004,,
2023-09-21,2374.949951171875,2390.10009765625,2360.0,2364.800048828125,2364.800048828125,6113091,RELIANCE.NS,Q1/2004,,
2023-09-22,2376.0,2382.449951171875,2350.0,2354.949951171875,2354.949951171875,9588393,RELIANCE.NS,Q1/2004,,
2023-09-25,2350.39990234375,2360.699951171875,2335.10009765625,2340.449951171875,2340.449951171875,7127442,RELIANCE.NS,Q1/2004,,
2023-09-26,2338.550048828125,2350.199951171875,2335.60009765625,2342.5,2342.5,5043891,RELIANCE.NS,Q1/2004,,
2023-09-27,2343.5,2371.800048828125,2338.5,2368.89990234375,2368.89990234375,5861389,RELIANCE.NS,Q1/2004,,
2023-09-28,2383.0,2383.0,2325.0,2334.10009765625,2334.10009765625,7259173,RELIANCE.NS,Q1/2004,,
2023-09-29,2341.800048828125,2369.10009765625,2334.10009765625,2345.0,2345.0,6171007,RELIANCE.NS,Q1/2004,,
2023-10-03,2329.949951171875,2335.60009765625,2316.0,2318.14990234375,2318.14990234375,4429528,RELIANCE.NS,Q1/2004,,
2023-10-04,2309.0,2319.0,2295.10009765625,2314.14990234375,2314.14990234375,5143193,RELIANCE.NS,Q1/2004,,
2023-10-05,2319.25,2329.39990234375,2309.0,2314.10009765625,2314.10009765625,5476841,RELIANCE.NS,Q1/2004,,
2023-10-06,2317.050048828125,2324.800048828125,2312.050048828125,2318.0,2318.0,2715513,RELIANCE.NS,Q1/2004,,
2023-10-09,2308.10009765625,2311.949951171875,2295.0,2298.25,2298.25,3788439,RELIANCE.NS,Q1/2004,,
2023-10-10,2306.550048828125,2317.89990234375,2303.75,2308.39990234375,2308.39990234375,5118016,RELIANCE.NS,Q1/2004,,
2023-10-11,2314.449951171875,2349.699951171875,2313.0,2345.050048828125,2345.050048828125,4907059,RELIANCE.NS,Q1/2004,,
2023-10-12,2343.85009765625,2359.35009765625,2338.14990234375,2349.39990234375,2349.39990234375,6277225,RELIANCE.NS,Q1/2004,,
2023-10-13,2340.0,2357.5,2329.14990234375,2349.300048828125,2349.300048828125,5075158,RELIANCE.NS,Q1/2004,,
2023-10-16,2345.0,2354.550048828125,2336.0,2344.050048828125,2344.050048828125,2964518,RELIANCE.NS,Q1/2004,,
2023-10-17,2356.0,2359.699951171875,2341.300048828125,2355.25,2355.25,3964090,RELIANCE.NS,Q1/2004,,
2023-10-18,2355.25,2367.0,2321.0,2324.0,2324.0,4459160,RELIANCE.NS,Q1/2004,,
2023-10-19,2312.0,2321.800048828125,2301.0,2306.14990234375,2306.14990234375,6016278,RELIANCE.NS,Q1/2004,,
2023-10-20,2300.0,2314.699951171875,2296.300048828125,2299.10009765625,2299.10009765625,4456656,RELIANCE.NS,Q1/2004,,
2023-10-23,2290.0,2306.25,2255.25,2263.199951171875,2263.199951171875,3926981,RELIANCE.NS,Q1/2004,,
2023-10-25,2250.050048828125,2281.199951171875,2243.0,2257.949951171875,2257.949951171875,5810344,RELIANCE.NS,Q1/2004,,
2023-10-26,2251.0,2258.0,2220.300048828125,2226.5,2226.5,7611267,RELIANCE.NS,Q1/2004,,
2023-10-27,2240.0,2273.5,2235.949951171875,2265.800048828125,2265.800048828125,5885542,RELIANCE.NS,Q1/2004,,
2023-10-30,2274.0,2325.0,2269.949951171875,2312.5,2312.5,8406652,RELIANCE.NS,Q1/2004,,
2023-10-31,2328.0,2328.0,2282.89990234375,2287.89990234375,2287.89990234375,6404219,RELIANCE.NS,Q1/2004,,
2023-11-01,2289.14990234375,2317.5,2275.199951171875,2297.39990234375,2297.39990234375,5154595,RELIANCE.NS,Q1/2004,,
2023-11-02,2313.949951171875,2324.300048828125,2307.949951171875,2320.199951171875,2320.199951171875,5281052,RELIANCE.NS,Q1/2004,,
2023-11-03,2327.199951171875,2334.949951171875,2315.75,2319.699951171875,2319.699951171875,4425078,RELIANCE.NS,Q1/2004,,
2023-11-06,2332.300048828125,2340.0,2325.60009765625,2339.0,2339.0,5323652,RELIANCE.NS,Q1/2004,,
2023-11-07,2334.050048828125,2339.10009765625,2319.550048828125,2323.800048828125,2323.800048828125,3480102,RELIANCE.NS,Q1/2004,,
2023-11-08,2332.0,2341.0,2321.75,2335.89990234375,2335.89990234375,3942247,RELIANCE.NS,Q1/2004,,
2023-11-09,2335.85009765625,2335.89990234375,2304.199951171875,2310.550048828125,2310.550048828125,7256805,RELIANCE.NS,Q1/2004,,
2023-11-10,2305.550048828125,2316.35009765625,2298.050048828125,2314.89990234375,2314.89990234375,3867477,RELIANCE.NS,Q1/2004,,
2023-11-13,2322.89990234375,2324.60009765625,2311.699951171875,2314.60009765625,2314.60009765625,1927405,RELIANCE.NS,Q1/2004,,
2023-11-15,2340.0,2361.949951171875,2327.0,2356.449951171875,2356.449951171875,6110324,RELIANCE.NS,Q1/2004,,
2023-11-16,2351.10009765625,2374.14990234375,2346.949951171875,2360.699951171875,2360.699951171875,6567455,RELIANCE.NS,Q1/2004,,
2023-11-17,2352.89990234375,2373.25,2352.050048828125,2355.550048828125,2355.550048828125,3879317,RELIANCE.NS,Q1/2004,,
2023-11-20,2348.550048828125,2358.39990234375,2336.39990234375,2349.35009765625,2349.35009765625,2245093,RELIANCE.NS,Q1/2004,,
2023-11-21,2366.0,2388.0,2360.199951171875,2378.89990234375,2378.89990234375,4107225,RELIANCE.NS,Q1/2004,,
2023-11-22,2375.0,2394.449951171875,2372.199951171875,2388.199951171875,2388.199951171875,4267407,RELIANCE.NS,Q1/2004,,
2023-11-23,2388.199951171875,2400.0,2388.199951171875,2395.5,2395.5,4265771,RELIANCE.NS,Q1/2004,,
2023-11-24,2391.60009765625,2402.60009765625,2391.050048828125,2393.89990234375,2393.89990234375,3374743,RELIANCE.NS,Q1/2004,,
